[{"pk": 1, "model": "lugar.pais", "fields": {"nombre": "Nicaragua"}}, {"pk": 2, "model": "lugar.pais", "fields": {"nombre": "Costa Rica"}}, {"pk": 5, "model": "lugar.departamento", "fields": {"pais": 1, "slug": "Nueva-segovia", "extension": "3491.28", "nombre": "Nueva Segovia"}}, {"pk": 10, "model": "lugar.departamento", "fields": {"pais": 1, "slug": "jinotega", "extension": "9222.40", "nombre": "Jinotega"}}, {"pk": 20, "model": "lugar.departamento", "fields": {"pais": 1, "slug": "madriz", "extension": "1708.23", "nombre": "Madriz"}}, {"pk": 25, "model": "lugar.departamento", "fields": {"pais": 1, "slug": "esteli", "extension": "2229.69", "nombre": "Estel\u00ed"}}, {"pk": 30, "model": "lugar.departamento", "fields": {"pais": 1, "slug": "chinandega", "extension": "4822.46", "nombre": "Chinandega"}}, {"pk": 35, "model": "lugar.departamento", "fields": {"pais": 1, "slug": "leon", "extension": "5138.03", "nombre": "Le\u00f3n"}}, {"pk": 40, "model": "lugar.departamento", "fields": {"pais": 1, "slug": "matagalpa", "extension": "6803.86", "nombre": "Matagalpa"}}, {"pk": 50, "model": "lugar.departamento", "fields": {"pais": 1, "slug": "boaco", "extension": "4176.68", "nombre": "Boaco"}}, {"pk": 55, "model": "lugar.departamento", "fields": {"pais": 1, "slug": "managua", "extension": "3465.10", "nombre": "Managua"}}, {"pk": 60, "model": "lugar.departamento", "fields": {"pais": 1, "slug": "masaya", "extension": "610.78", "nombre": "Masaya"}}, {"pk": 65, "model": "lugar.departamento", "fields": {"pais": 1, "slug": "chontales", "extension": "6481.27", "nombre": "Chontales"}}, {"pk": 70, "model": "lugar.departamento", "fields": {"pais": 1, "slug": "granada", "extension": "1039.68", "nombre": "Granada"}}, {"pk": 75, "model": "lugar.departamento", "fields": {"pais": 1, "slug": "carazo", "extension": "1081.40", "nombre": "Carazo"}}, {"pk": 80, "model": "lugar.departamento", "fields": {"pais": 1, "slug": "rivas", "extension": "2161.82", "nombre": "Rivas"}}, {"pk": 85, "model": "lugar.departamento", "fields": {"pais": 1, "slug": "Rio-san-juan", "extension": "7540.90", "nombre": "R\u00ed\u00ado San Juan"}}, {"pk": 91, "model": "lugar.departamento", "fields": {"pais": 1, "slug": "RAAN", "extension": "32819.68", "nombre": "RAAN"}}, {"pk": 93, "model": "lugar.departamento", "fields": {"pais": 1, "slug": "RAAS", "extension": "27546.32", "nombre": "RAAS"}}, {"pk": 99, "model": "lugar.departamento", "fields": {"pais": 1, "slug": "cobertura-nacional", "extension": "333333.00", "nombre": "Cobertura Nacional"}}, {"pk": 3621837, "model": "lugar.departamento", "fields": {"pais": 2, "slug": "san-jose", "extension": "0.00", "nombre": "San Jos\u00e9"}}, {"pk": 3622226, "model": "lugar.departamento", "fields": {"pais": 2, "slug": "puntarenas", "extension": "0.00", "nombre": "Puntarenas"}}, {"pk": 3623064, "model": "lugar.departamento", "fields": {"pais": 2, "slug": "limon", "extension": "0.00", "nombre": "Lim\u00f3n"}}, {"pk": 3623484, "model": "lugar.departamento", "fields": {"pais": 2, "slug": "heredia", "extension": "0.00", "nombre": "Heredia"}}, {"pk": 3623582, "model": "lugar.departamento", "fields": {"pais": 2, "slug": "guanacaste", "extension": "0.00", "nombre": "Guanacaste"}}, {"pk": 3624368, "model": "lugar.departamento", "fields": {"pais": 2, "slug": "cartago", "extension": "0.00", "nombre": "Cartago"}}, {"pk": 3624953, "model": "lugar.departamento", "fields": {"pais": 2, "slug": "alajuela", "extension": "0.00", "nombre": "Alajuela"}}, {"pk": 5030, "model": "lugar.municipio", "fields": {"latitud": "12.37789", "extension": "0.00", "departamento": 50, "nombre": "San  Lorenzo", "slug": "San-lorenzo", "longitud": "-85.66718"}}, {"pk": 5025, "model": "lugar.municipio", "fields": {"latitud": "12.41979", "extension": "0.00", "departamento": 50, "nombre": "Teustepe", "slug": "teustepe", "longitud": "-85.79922"}}, {"pk": 5020, "model": "lugar.municipio", "fields": {"latitud": "12.53226", "extension": "0.00", "departamento": 50, "nombre": "Santa Luc\u00eda", "slug": "Santa-lucia", "longitud": "-85.71156"}}, {"pk": 5015, "model": "lugar.municipio", "fields": {"latitud": "12.38377", "extension": "0.00", "departamento": 50, "nombre": "Camoapa", "slug": "camoapa", "longitud": "-85.51465"}}, {"pk": 5010, "model": "lugar.municipio", "fields": {"latitud": "12.47160", "extension": "0.00", "departamento": 50, "nombre": "Boaco", "slug": "boaco", "longitud": "-85.65952"}}, {"pk": 5005, "model": "lugar.municipio", "fields": {"latitud": "12.59748", "extension": "0.00", "departamento": 50, "nombre": "San Jos\u00e9 de los Remates", "slug": "San-jose-de-los-remates", "longitud": "-85.76253"}}, {"pk": 7540, "model": "lugar.municipio", "fields": {"latitud": "11.73336", "extension": "0.00", "departamento": 75, "nombre": "La Conquista", "slug": "La-conquista", "longitud": "-86.19297"}}, {"pk": 7530, "model": "lugar.municipio", "fields": {"latitud": "11.82206", "extension": "0.00", "departamento": 75, "nombre": "La Paz de Carazo", "slug": "La-paz-de-carazo", "longitud": "-86.12750"}}, {"pk": 7535, "model": "lugar.municipio", "fields": {"latitud": "11.80272", "extension": "0.00", "departamento": 75, "nombre": "Santa Teresa", "slug": "Santa-tereza", "longitud": "-86.16281"}}, {"pk": 7510, "model": "lugar.municipio", "fields": {"latitud": "11.84831", "extension": "0.00", "departamento": 75, "nombre": "Jinotepe", "slug": "jinotepe", "longitud": "-86.19846"}}, {"pk": 7505, "model": "lugar.municipio", "fields": {"latitud": "11.90651", "extension": "0.00", "departamento": 75, "nombre": "San Marcos", "slug": "San-marcos", "longitud": "-86.20314"}}, {"pk": 7515, "model": "lugar.municipio", "fields": {"latitud": "11.85565", "extension": "0.00", "departamento": 75, "nombre": "Dolores", "slug": "dolores", "longitud": "-86.21535"}}, {"pk": 7520, "model": "lugar.municipio", "fields": {"latitud": "11.85572", "extension": "0.00", "departamento": 75, "nombre": "Diriamba", "slug": "diriamba", "longitud": "-86.24074"}}, {"pk": 7525, "model": "lugar.municipio", "fields": {"latitud": "11.83224", "extension": "0.00", "departamento": 75, "nombre": "El Rosario", "slug": "El-rosario", "longitud": "-86.16484"}}, {"pk": 3065, "model": "lugar.municipio", "fields": {"latitud": "12.54410", "extension": "0.00", "departamento": 30, "nombre": "Posoltega", "slug": "posotelga", "longitud": "-86.98010"}}, {"pk": 3005, "model": "lugar.municipio", "fields": {"latitud": "13.27596", "extension": "0.00", "departamento": 30, "nombre": "San Pedro del Norte", "slug": "San-pedro-del-norte", "longitud": "-86.87777"}}, {"pk": 3010, "model": "lugar.municipio", "fields": {"latitud": "13.20016", "extension": "0.00", "departamento": 30, "nombre": "San Francisco del Norte", "slug": "San-francisco-del-norte", "longitud": "-86.77192"}}, {"pk": 3015, "model": "lugar.municipio", "fields": {"latitud": "13.23036", "extension": "0.00", "departamento": 30, "nombre": "Cinco Pinos", "slug": "Cinco-pinos", "longitud": "-86.86719"}}, {"pk": 3020, "model": "lugar.municipio", "fields": {"latitud": "13.18701", "extension": "0.00", "departamento": 30, "nombre": "Santo Tom\u00e1s del Norte", "slug": "Santo-tomas-del-norte", "longitud": "-86.92352"}}, {"pk": 3025, "model": "lugar.municipio", "fields": {"latitud": "12.66228", "extension": "0.00", "departamento": 30, "nombre": "El Viejo", "slug": "El-viejo", "longitud": "-87.16541"}}, {"pk": 3030, "model": "lugar.municipio", "fields": {"latitud": "12.76721", "extension": "0.00", "departamento": 30, "nombre": "Pto. Moraz\u00e1n", "slug": "Puerto-morazan", "longitud": "-87.13388"}}, {"pk": 3035, "model": "lugar.municipio", "fields": {"latitud": "13.04495", "extension": "0.00", "departamento": 30, "nombre": "Somotillo", "slug": "somotillo", "longitud": "-86.90499"}}, {"pk": 3040, "model": "lugar.municipio", "fields": {"latitud": "12.96391", "extension": "0.00", "departamento": 30, "nombre": "Villanueva", "slug": "villanueva", "longitud": "-86.81468"}}, {"pk": 3045, "model": "lugar.municipio", "fields": {"latitud": "12.62872", "extension": "0.00", "departamento": 30, "nombre": "Chinandega", "slug": "chinandega", "longitud": "-87.13149"}}, {"pk": 3050, "model": "lugar.municipio", "fields": {"latitud": "12.54551", "extension": "0.00", "departamento": 30, "nombre": "El Realejo", "slug": "El-realejo", "longitud": "-87.16736"}}, {"pk": 3055, "model": "lugar.municipio", "fields": {"latitud": "12.48461", "extension": "0.00", "departamento": 30, "nombre": "Corinto", "slug": "corinto", "longitud": "-87.17122"}}, {"pk": 3060, "model": "lugar.municipio", "fields": {"latitud": "12.57224", "extension": "0.00", "departamento": 30, "nombre": "Chichigalpa", "slug": "chichigalpa", "longitud": "-87.02849"}}, {"pk": 6510, "model": "lugar.municipio", "fields": {"latitud": "12.10580", "extension": "0.00", "departamento": 65, "nombre": "Juigalpa", "slug": "juigalpa", "longitud": "-85.36842"}}, {"pk": 6507, "model": "lugar.municipio", "fields": {"latitud": "12.26671", "extension": "0.00", "departamento": 65, "nombre": "San Francisco Cuapa", "slug": "San-francisco-cuapa", "longitud": "-85.38308"}}, {"pk": 6505, "model": "lugar.municipio", "fields": {"latitud": "12.28340", "extension": "0.00", "departamento": 65, "nombre": "Comalapa", "slug": "comalapa", "longitud": "-85.51142"}}, {"pk": 6545, "model": "lugar.municipio", "fields": {"latitud": "11.91576", "extension": "0.00", "departamento": 65, "nombre": "El Coral", "slug": "El-coral", "longitud": "-84.65041"}}, {"pk": 6540, "model": "lugar.municipio", "fields": {"latitud": "12.04779", "extension": "0.00", "departamento": 65, "nombre": "Villa Sandino", "slug": "Villa-sandino", "longitud": "-84.99334"}}, {"pk": 6535, "model": "lugar.municipio", "fields": {"latitud": "11.96764", "extension": "0.00", "departamento": 65, "nombre": "Acoyapa", "slug": "acoyapa", "longitud": "-85.17044"}}, {"pk": 6530, "model": "lugar.municipio", "fields": {"latitud": "12.12852", "extension": "0.00", "departamento": 65, "nombre": "San Pedro de L\u00f3vago", "slug": "San-pedro-de-lovago", "longitud": "-85.11572"}}, {"pk": 6525, "model": "lugar.municipio", "fields": {"latitud": "12.06902", "extension": "0.00", "departamento": 65, "nombre": "Santo Tom\u00e1s", "slug": "Santo-tomas", "longitud": "-85.09340"}}, {"pk": 6520, "model": "lugar.municipio", "fields": {"latitud": "12.26301", "extension": "0.00", "departamento": 65, "nombre": "Santo Domingo", "slug": "Santo-domingo", "longitud": "-85.08232"}}, {"pk": 6515, "model": "lugar.municipio", "fields": {"latitud": "12.21539", "extension": "0.00", "departamento": 65, "nombre": "La Libertad", "slug": "La-libertad", "longitud": "-85.16549"}}, {"pk": 2525, "model": "lugar.municipio", "fields": {"latitud": "12.96823", "extension": "0.00", "departamento": 25, "nombre": "La Trinidad", "slug": "trinidad", "longitud": "-86.23604"}}, {"pk": 2530, "model": "lugar.municipio", "fields": {"latitud": "12.93312", "extension": "0.00", "departamento": 25, "nombre": "San Nicol\u00e1s", "slug": "San-nicolas", "longitud": "-86.34700"}}, {"pk": 2505, "model": "lugar.municipio", "fields": {"latitud": "13.37937", "extension": "0.00", "departamento": 25, "nombre": "Pueblo Nuevo", "slug": "Pueblo-nuevo", "longitud": "-86.48077"}}, {"pk": 2510, "model": "lugar.municipio", "fields": {"latitud": "13.36213", "extension": "0.00", "departamento": 25, "nombre": "Condega", "slug": "condega", "longitud": "-86.39789"}}, {"pk": 2515, "model": "lugar.municipio", "fields": {"latitud": "13.08948", "extension": "0.00", "departamento": 25, "nombre": "Estel\u00ed", "slug": "esteli", "longitud": "-86.35551"}}, {"pk": 2520, "model": "lugar.municipio", "fields": {"latitud": "13.17489", "extension": "0.00", "departamento": 25, "nombre": "San Juan de Limay", "slug": "Sanjuan-limay", "longitud": "-86.61234"}}, {"pk": 7010, "model": "lugar.municipio", "fields": {"latitud": "11.87494", "extension": "0.00", "departamento": 70, "nombre": "Diriomo", "slug": "diriomo", "longitud": "-86.05110"}}, {"pk": 7020, "model": "lugar.municipio", "fields": {"latitud": "11.75630", "extension": "0.00", "departamento": 70, "nombre": "Nandaime", "slug": "nandaime", "longitud": "-86.05345"}}, {"pk": 7005, "model": "lugar.municipio", "fields": {"latitud": "11.88416", "extension": "0.00", "departamento": 70, "nombre": "Diri\u00e1", "slug": "diria", "longitud": "-86.05565"}}, {"pk": 7015, "model": "lugar.municipio", "fields": {"latitud": "11.93095", "extension": "0.00", "departamento": 70, "nombre": "Granada", "slug": "granada", "longitud": "-85.95696"}}, {"pk": 1015, "model": "lugar.municipio", "fields": {"latitud": "13.36667", "extension": "0.00", "departamento": 10, "nombre": "Sta. Mar\u00eda de Pantasma", "slug": "Santa-maria-pantasma", "longitud": "-85.95000"}}, {"pk": 1005, "model": "lugar.municipio", "fields": {"latitud": "13.62130", "extension": "0.00", "departamento": 10, "nombre": "Wiwil\u00ed", "slug": "Wiwili", "longitud": "-85.81864"}}, {"pk": 1010, "model": "lugar.municipio", "fields": {"latitud": "13.36764", "extension": "0.00", "departamento": 10, "nombre": "El C\u00faa", "slug": "El-cua", "longitud": "-85.67330"}}, {"pk": 1012, "model": "lugar.municipio", "fields": {"latitud": "13.61976", "extension": "0.00", "departamento": 10, "nombre": "San Jos\u00e9 Bocay", "slug": "San-jose-bocay", "longitud": "-85.50080"}}, {"pk": 1020, "model": "lugar.municipio", "fields": {"latitud": "13.21391", "extension": "0.00", "departamento": 10, "nombre": "San Rafael del Norte", "slug": "San-rafael-del-norte", "longitud": "-86.11043"}}, {"pk": 1025, "model": "lugar.municipio", "fields": {"latitud": "13.30500", "extension": "0.00", "departamento": 10, "nombre": "San Sebastian de Yal\u00ed", "slug": "yali", "longitud": "-86.18636"}}, {"pk": 1030, "model": "lugar.municipio", "fields": {"latitud": "13.19535", "extension": "0.00", "departamento": 10, "nombre": "La Concordia", "slug": "La-concordia", "longitud": "-86.16693"}}, {"pk": 1035, "model": "lugar.municipio", "fields": {"latitud": "13.09165", "extension": "0.00", "departamento": 10, "nombre": "Jinotega", "slug": "jinotega", "longitud": "-86.00121"}}, {"pk": 1040, "model": "lugar.municipio", "fields": {"latitud": null, "extension": "0.00", "departamento": 10, "nombre": "Altowangky", "slug": "altowanky", "longitud": null}}, {"pk": 3510, "model": "lugar.municipio", "fields": {"latitud": "12.88694", "extension": "0.00", "departamento": 35, "nombre": "El Sauce", "slug": "El-sauce", "longitud": "-86.53952"}}, {"pk": 3550, "model": "lugar.municipio", "fields": {"latitud": "12.26531", "extension": "0.00", "departamento": 35, "nombre": "Nagarote", "slug": "nagarote", "longitud": "-86.56812"}}, {"pk": 3540, "model": "lugar.municipio", "fields": {"latitud": "12.43481", "extension": "0.00", "departamento": 35, "nombre": "Le\u00f3n", "slug": "leon", "longitud": "-86.88174"}}, {"pk": 3505, "model": "lugar.municipio", "fields": {"latitud": "13.05433", "extension": "0.00", "departamento": 35, "nombre": "Achuapa", "slug": "achuapa", "longitud": "-86.59070"}}, {"pk": 3545, "model": "lugar.municipio", "fields": {"latitud": "12.34011", "extension": "0.00", "departamento": 35, "nombre": "La Paz Centro", "slug": "La-paz-centro", "longitud": "-86.67625"}}, {"pk": 3535, "model": "lugar.municipio", "fields": {"latitud": "12.50614", "extension": "0.00", "departamento": 35, "nombre": "Quezalguaque", "slug": "quezalguaque", "longitud": "-86.90366"}}, {"pk": 3530, "model": "lugar.municipio", "fields": {"latitud": "12.52152", "extension": "0.00", "departamento": 35, "nombre": "Telica", "slug": "telica", "longitud": "-86.86030"}}, {"pk": 3525, "model": "lugar.municipio", "fields": {"latitud": "12.59311", "extension": "0.00", "departamento": 35, "nombre": "Larreynaga", "slug": "larreynaga", "longitud": "-86.68015"}}, {"pk": 3520, "model": "lugar.municipio", "fields": {"latitud": "12.72672", "extension": "0.00", "departamento": 35, "nombre": "El Jicaral", "slug": "El-jicaral", "longitud": "-86.38134"}}, {"pk": 3515, "model": "lugar.municipio", "fields": {"latitud": "12.80142", "extension": "0.00", "departamento": 35, "nombre": "Santa Rosa del Pe\u00f1on", "slug": "Santa-rosa-del-penon", "longitud": "-86.37144"}}, {"pk": 2040, "model": "lugar.municipio", "fields": {"latitud": "13.34324", "extension": "0.00", "departamento": 20, "nombre": "Las Sabanas", "slug": "Las-sabanas", "longitud": "-86.62194"}}, {"pk": 2045, "model": "lugar.municipio", "fields": {"latitud": "13.28847", "extension": "0.00", "departamento": 20, "nombre": "San Jos\u00e9 de Cusmapa", "slug": "San-jose-cusmapa", "longitud": "-86.65489"}}, {"pk": 2005, "model": "lugar.municipio", "fields": {"latitud": "13.48129", "extension": "0.00", "departamento": 20, "nombre": "Somoto", "slug": "somoto", "longitud": "-86.58337"}}, {"pk": 2010, "model": "lugar.municipio", "fields": {"latitud": "13.56336", "extension": "0.00", "departamento": 20, "nombre": "Totogalpa", "slug": "totogalpa", "longitud": "-86.49281"}}, {"pk": 2015, "model": "lugar.municipio", "fields": {"latitud": "13.53131", "extension": "0.00", "departamento": 20, "nombre": "Telpaneca", "slug": "telpaneca", "longitud": "-86.28693"}}, {"pk": 2020, "model": "lugar.municipio", "fields": {"latitud": "13.54458", "extension": "0.00", "departamento": 20, "nombre": "San Juan de R\u00edo Coco", "slug": "San-juan-rio-coco", "longitud": "-86.16537"}}, {"pk": 2025, "model": "lugar.municipio", "fields": {"latitud": "13.45597", "extension": "0.00", "departamento": 20, "nombre": "Palacaguina", "slug": "palacaguina", "longitud": "-86.40710"}}, {"pk": 2030, "model": "lugar.municipio", "fields": {"latitud": "13.48351", "extension": "0.00", "departamento": 20, "nombre": "Yalaguina", "slug": "yalaguina", "longitud": "-86.49344"}}, {"pk": 2035, "model": "lugar.municipio", "fields": {"latitud": "13.41358", "extension": "0.00", "departamento": 20, "nombre": "San Lucas", "slug": "San-lucas", "longitud": "-86.61176"}}, {"pk": 5532, "model": "lugar.municipio", "fields": {"latitud": "11.97865", "extension": "0.00", "departamento": 55, "nombre": "El Crucero", "slug": "El-crucero", "longitud": "-86.31076"}}, {"pk": 5505, "model": "lugar.municipio", "fields": {"latitud": "12.50458", "extension": "0.00", "departamento": 55, "nombre": "San Francisco Libre", "slug": "San-francisco-libre", "longitud": "-86.30105"}}, {"pk": 5510, "model": "lugar.municipio", "fields": {"latitud": "12.19662", "extension": "0.00", "departamento": 55, "nombre": "Tipitapa", "slug": "tipitapa", "longitud": "-86.09682"}}, {"pk": 5515, "model": "lugar.municipio", "fields": {"latitud": "12.23536", "extension": "0.00", "departamento": 55, "nombre": "Mateare", "slug": "mateare", "longitud": "-86.43013"}}, {"pk": 5520, "model": "lugar.municipio", "fields": {"latitud": "11.97924", "extension": "0.00", "departamento": 55, "nombre": "Villa Carlos Fonseca", "slug": "Villa-carlos-fonseca", "longitud": "-86.50809"}}, {"pk": 5522, "model": "lugar.municipio", "fields": {"latitud": "12.16082", "extension": "0.00", "departamento": 55, "nombre": "Ciudad Sandino", "slug": "Ciudad-sandino", "longitud": "-86.35004"}}, {"pk": 5525, "model": "lugar.municipio", "fields": {"latitud": "12.14746", "extension": "0.00", "departamento": 55, "nombre": "Managua", "slug": "managua", "longitud": "-86.27339"}}, {"pk": 5530, "model": "lugar.municipio", "fields": {"latitud": "12.02125", "extension": "0.00", "departamento": 55, "nombre": "Ticuantepe", "slug": "ticuantepe", "longitud": "-86.20288"}}, {"pk": 5535, "model": "lugar.municipio", "fields": {"latitud": "11.84681", "extension": "0.00", "departamento": 55, "nombre": "San Rafael del Sur", "slug": "San-rafael-del-sur", "longitud": "-86.43977"}}, {"pk": 6010, "model": "lugar.municipio", "fields": {"latitud": "11.97735", "extension": "0.00", "departamento": 60, "nombre": "Masaya", "slug": "masaya", "longitud": "-86.09606"}}, {"pk": 6015, "model": "lugar.municipio", "fields": {"latitud": "12.08133", "extension": "0.00", "departamento": 60, "nombre": "Tisma", "slug": "tisma", "longitud": "-86.01921"}}, {"pk": 6020, "model": "lugar.municipio", "fields": {"latitud": "11.93615", "extension": "0.00", "departamento": 60, "nombre": "La Concepci\u00f3n", "slug": "La-concepcion", "longitud": "-86.19220"}}, {"pk": 6025, "model": "lugar.municipio", "fields": {"latitud": "11.91344", "extension": "0.00", "departamento": 60, "nombre": "Masatepe", "slug": "masatepe", "longitud": "-86.14475"}}, {"pk": 6030, "model": "lugar.municipio", "fields": {"latitud": "11.90933", "extension": "0.00", "departamento": 60, "nombre": "Nandasmo", "slug": "nandasmo", "longitud": "-86.13055"}}, {"pk": 6035, "model": "lugar.municipio", "fields": {"latitud": "11.91078", "extension": "0.00", "departamento": 60, "nombre": "Catarina", "slug": "catarina", "longitud": "-86.07407"}}, {"pk": 6040, "model": "lugar.municipio", "fields": {"latitud": "11.90479", "extension": "0.00", "departamento": 60, "nombre": "San Juan de Oriente", "slug": "San-juan-de-oriente", "longitud": "-86.07311"}}, {"pk": 6045, "model": "lugar.municipio", "fields": {"latitud": "11.90408", "extension": "0.00", "departamento": 60, "nombre": "Niquinohomo", "slug": "niquinomo", "longitud": "-86.09472"}}, {"pk": 6005, "model": "lugar.municipio", "fields": {"latitud": "12.00243", "extension": "0.00", "departamento": 60, "nombre": "Nindir\u00ed", "slug": "nindiri", "longitud": "-86.12067"}}, {"pk": 4005, "model": "lugar.municipio", "fields": {"latitud": "13.25352", "extension": "0.00", "departamento": 40, "nombre": "Rancho Grande", "slug": "Rancho-grande", "longitud": "-85.55268"}}, {"pk": 4035, "model": "lugar.municipio", "fields": {"latitud": "12.92254", "extension": "0.00", "departamento": 40, "nombre": "San Ram\u00f3n", "slug": "san-ramon", "longitud": "-85.83968"}}, {"pk": 4055, "model": "lugar.municipio", "fields": {"latitud": "12.76190", "extension": "0.00", "departamento": 40, "nombre": "San Dionisio", "slug": "San-dionisio", "longitud": "-85.85091"}}, {"pk": 4050, "model": "lugar.municipio", "fields": {"latitud": "12.66446", "extension": "0.00", "departamento": 40, "nombre": "Esquipulas", "slug": "esquipulas", "longitud": "-85.78909"}}, {"pk": 4045, "model": "lugar.municipio", "fields": {"latitud": "12.76125", "extension": "0.00", "departamento": 40, "nombre": "Muy Muy", "slug": "muymuy", "longitud": "-85.63123"}}, {"pk": 4040, "model": "lugar.municipio", "fields": {"latitud": "12.83710", "extension": "0.00", "departamento": 40, "nombre": "Matigu\u00e1s", "slug": "matiguas", "longitud": "-85.46079"}}, {"pk": 4030, "model": "lugar.municipio", "fields": {"latitud": "12.92709", "extension": "0.00", "departamento": 40, "nombre": "Matagalpa", "slug": "matagalpa", "longitud": "-85.91747"}}, {"pk": 4025, "model": "lugar.municipio", "fields": {"latitud": "12.85190", "extension": "0.00", "departamento": 40, "nombre": "S\u00e9baco", "slug": "sebaco", "longitud": "-86.09696"}}, {"pk": 4020, "model": "lugar.municipio", "fields": {"latitud": "12.92937", "extension": "0.00", "departamento": 40, "nombre": "San Isidro", "slug": "San-isidro", "longitud": "-86.19550"}}, {"pk": 4015, "model": "lugar.municipio", "fields": {"latitud": "13.13735", "extension": "0.00", "departamento": 40, "nombre": "El Tuma - La Dalia", "slug": "El-tuma", "longitud": "-85.73788"}}, {"pk": 4010, "model": "lugar.municipio", "fields": {"latitud": "12.93044", "extension": "0.00", "departamento": 40, "nombre": "R\u00ed\u00ado Blanco", "slug": "Rio-blanco", "longitud": "-85.22610"}}, {"pk": 4065, "model": "lugar.municipio", "fields": {"latitud": "12.73000", "extension": "0.00", "departamento": 40, "nombre": "Ciudad Dar\u00ed\u00ado", "slug": "Ciudad-dario", "longitud": "-86.12457"}}, {"pk": 4060, "model": "lugar.municipio", "fields": {"latitud": "12.73009", "extension": "0.00", "departamento": 40, "nombre": "Terrabona", "slug": "terrabona", "longitud": "-85.96487"}}, {"pk": 510, "model": "lugar.municipio", "fields": {"latitud": "13.75900", "extension": "0.00", "departamento": 5, "nombre": "Murra", "slug": "murra", "longitud": "-86.01799"}}, {"pk": 560, "model": "lugar.municipio", "fields": {"latitud": "13.62667", "extension": "0.00", "departamento": 5, "nombre": "Wiwili de Nueva Segovia", "slug": "Wiwili-nuevasegovia", "longitud": "-85.82369"}}, {"pk": 555, "model": "lugar.municipio", "fields": {"latitud": "13.56675", "extension": "0.00", "departamento": 5, "nombre": "Quilal\u00ed", "slug": "quilali", "longitud": "-86.02952"}}, {"pk": 550, "model": "lugar.municipio", "fields": {"latitud": "13.64217", "extension": "0.00", "departamento": 5, "nombre": "Ciudad Antigua", "slug": "Ciudad-antigua", "longitud": "-86.30893"}}, {"pk": 545, "model": "lugar.municipio", "fields": {"latitud": "13.63432", "extension": "0.00", "departamento": 5, "nombre": "Ocotal", "slug": "ocotal", "longitud": "-86.47745"}}, {"pk": 540, "model": "lugar.municipio", "fields": {"latitud": "13.74753", "extension": "0.00", "departamento": 5, "nombre": "Santa Mar\u00ed\u00ada", "slug": "santamaria", "longitud": "-86.71077"}}, {"pk": 535, "model": "lugar.municipio", "fields": {"latitud": "13.65239", "extension": "0.00", "departamento": 5, "nombre": "Macuelizo", "slug": "macuelizo", "longitud": "-86.61380"}}, {"pk": 530, "model": "lugar.municipio", "fields": {"latitud": "13.72243", "extension": "0.00", "departamento": 5, "nombre": "Dipilto", "slug": "dipilto", "longitud": "-86.50720"}}, {"pk": 525, "model": "lugar.municipio", "fields": {"latitud": "13.66168", "extension": "0.00", "departamento": 5, "nombre": "Mozonte", "slug": "mozonte", "longitud": "-86.43706"}}, {"pk": 520, "model": "lugar.municipio", "fields": {"latitud": "13.67729", "extension": "0.00", "departamento": 5, "nombre": "San Fernando", "slug": "San-fernando", "longitud": "-86.31484"}}, {"pk": 515, "model": "lugar.municipio", "fields": {"latitud": "13.72326", "extension": "0.00", "departamento": 5, "nombre": "El J\u00ed\u00adcaro", "slug": "El-jicaro", "longitud": "-86.13705"}}, {"pk": 505, "model": "lugar.municipio", "fields": {"latitud": "13.92286", "extension": "0.00", "departamento": 5, "nombre": "Jalapa", "slug": "jalapa", "longitud": "-86.12520"}}, {"pk": 9105, "model": "lugar.municipio", "fields": {"latitud": "14.74386", "extension": "0.00", "departamento": 91, "nombre": "Wasp\u00e1n", "slug": "waspan", "longitud": "-83.96885"}}, {"pk": 9135, "model": "lugar.municipio", "fields": {"latitud": "13.40611", "extension": "0.00", "departamento": 91, "nombre": "Prinzapolka", "slug": "prinzapolka", "longitud": "-83.56229"}}, {"pk": 9130, "model": "lugar.municipio", "fields": {"latitud": "13.73857", "extension": "0.00", "departamento": 91, "nombre": "Siuna", "slug": "siuna", "longitud": "-84.78491"}}, {"pk": 9125, "model": "lugar.municipio", "fields": {"latitud": "13.33465", "extension": "0.00", "departamento": 91, "nombre": "Waslala", "slug": "waslala", "longitud": "-85.37099"}}, {"pk": 9127, "model": "lugar.municipio", "fields": {"latitud": "13.15000", "extension": "0.00", "departamento": 91, "nombre": "Mulukuku", "slug": "mulukuku", "longitud": "-84.96667"}}, {"pk": 9120, "model": "lugar.municipio", "fields": {"latitud": "14.02584", "extension": "0.00", "departamento": 91, "nombre": "Bonanza", "slug": "bonanza", "longitud": "-84.62088"}}, {"pk": 9115, "model": "lugar.municipio", "fields": {"latitud": "13.91060", "extension": "0.00", "departamento": 91, "nombre": "Rosita", "slug": "rosita", "longitud": "-84.39153"}}, {"pk": 9110, "model": "lugar.municipio", "fields": {"latitud": "14.03313", "extension": "0.00", "departamento": 91, "nombre": "Puerto Cabezas", "slug": "Puerto-cabezas", "longitud": "-83.38223"}}, {"pk": 9323, "model": "lugar.municipio", "fields": {"latitud": "12.49486", "extension": "0.00", "departamento": 93, "nombre": "El Ayote", "slug": "El-ayote", "longitud": "-84.81943"}}, {"pk": 9305, "model": "lugar.municipio", "fields": {"latitud": "12.78548", "extension": "0.00", "departamento": 93, "nombre": "Paiwas", "slug": "paiwas", "longitud": "-85.12402"}}, {"pk": 9310, "model": "lugar.municipio", "fields": {"latitud": "13.11145", "extension": "0.00", "departamento": 93, "nombre": "La Cruz de R\u00edo Grande", "slug": "La-cruz-rio-grande", "longitud": "-84.18835"}}, {"pk": 9312, "model": "lugar.municipio", "fields": {"latitud": "12.93208", "extension": "0.00", "departamento": 93, "nombre": "Desembocadura de R\u00edo Grande", "slug": "Desembocadura-rio-grande", "longitud": "-83.57697"}}, {"pk": 9315, "model": "lugar.municipio", "fields": {"latitud": "12.34096", "extension": "0.00", "departamento": 93, "nombre": "Laguna de Perlas", "slug": "Laguna-de-perlas", "longitud": "-83.67052"}}, {"pk": 9316, "model": "lugar.municipio", "fields": {"latitud": "12.82085", "extension": "0.00", "departamento": 93, "nombre": "El Tortuguero", "slug": "El-tortuguero", "longitud": "-84.19906"}}, {"pk": 9320, "model": "lugar.municipio", "fields": {"latitud": "12.16004", "extension": "0.00", "departamento": 93, "nombre": "Rama", "slug": "rama", "longitud": "-84.21913"}}, {"pk": 9325, "model": "lugar.municipio", "fields": {"latitud": "12.06764", "extension": "0.00", "departamento": 93, "nombre": "Muelle de los Bueyes", "slug": "Muelle-de-los-bueyes", "longitud": "-84.53749"}}, {"pk": 9330, "model": "lugar.municipio", "fields": {"latitud": "12.24163", "extension": "0.00", "departamento": 93, "nombre": "Kukra - Hill", "slug": "Kukra-hill", "longitud": "-83.74532"}}, {"pk": 9335, "model": "lugar.municipio", "fields": {"latitud": "12.18017", "extension": "0.00", "departamento": 93, "nombre": "Corn Island", "slug": "Corn-island", "longitud": "-83.05975"}}, {"pk": 9340, "model": "lugar.municipio", "fields": {"latitud": "12.01144", "extension": "0.00", "departamento": 93, "nombre": "Bluefields", "slug": "bluefields", "longitud": "-83.76388"}}, {"pk": 9345, "model": "lugar.municipio", "fields": {"latitud": "11.68827", "extension": "0.00", "departamento": 93, "nombre": "Nueva Guinea", "slug": "Nueva-guinea", "longitud": "-84.45794"}}, {"pk": 8505, "model": "lugar.municipio", "fields": {"latitud": "11.62130", "extension": "0.00", "departamento": 85, "nombre": "Morrito", "slug": "morrito", "longitud": "-85.08169"}}, {"pk": 8510, "model": "lugar.municipio", "fields": {"latitud": "11.67684", "extension": "0.00", "departamento": 85, "nombre": "El Almendro", "slug": "El-almendro", "longitud": "-84.70362"}}, {"pk": 8515, "model": "lugar.municipio", "fields": {"latitud": "11.40156", "extension": "0.00", "departamento": 85, "nombre": "San Miguelito", "slug": "San-miguelito", "longitud": "-84.90005"}}, {"pk": 8520, "model": "lugar.municipio", "fields": {"latitud": "11.12088", "extension": "0.00", "departamento": 85, "nombre": "San Carlos", "slug": "San-carlos", "longitud": "-84.77837"}}, {"pk": 8525, "model": "lugar.municipio", "fields": {"latitud": "11.03969", "extension": "0.00", "departamento": 85, "nombre": "El Castillo", "slug": "El-castillo", "longitud": "-84.47295"}}, {"pk": 8530, "model": "lugar.municipio", "fields": {"latitud": "10.94671", "extension": "0.00", "departamento": 85, "nombre": "San Juan del Norte", "slug": "San-juan-del-norte", "longitud": "-83.73479"}}, {"pk": 8045, "model": "lugar.municipio", "fields": {"latitud": "11.25384", "extension": "0.00", "departamento": 80, "nombre": "San Juan del Sur", "slug": "San-juan-del-sur", "longitud": "-85.87177"}}, {"pk": 8040, "model": "lugar.municipio", "fields": {"latitud": "11.43975", "extension": "0.00", "departamento": 80, "nombre": "Rivas", "slug": "rivas", "longitud": "-85.82880"}}, {"pk": 8035, "model": "lugar.municipio", "fields": {"latitud": "11.45532", "extension": "0.00", "departamento": 80, "nombre": "San Jorge", "slug": "San-jorge", "longitud": "-85.80074"}}, {"pk": 8015, "model": "lugar.municipio", "fields": {"latitud": "11.49320", "extension": "0.00", "departamento": 80, "nombre": "Potos\u00ed", "slug": "potosi", "longitud": "-85.85709"}}, {"pk": 8030, "model": "lugar.municipio", "fields": {"latitud": "11.56547", "extension": "0.00", "departamento": 80, "nombre": "Altagracia", "slug": "altagracia", "longitud": "-85.57793"}}, {"pk": 8005, "model": "lugar.municipio", "fields": {"latitud": "11.43868", "extension": "0.00", "departamento": 80, "nombre": "Tola", "slug": "tola", "longitud": "-85.93907"}}, {"pk": 8010, "model": "lugar.municipio", "fields": {"latitud": "11.50081", "extension": "0.00", "departamento": 80, "nombre": "Bel\u00e9n", "slug": "belen", "longitud": "-85.89014"}}, {"pk": 8025, "model": "lugar.municipio", "fields": {"latitud": "11.53947", "extension": "0.00", "departamento": 80, "nombre": "Moyogalpa", "slug": "moyogalpa", "longitud": "-85.69746"}}, {"pk": 8020, "model": "lugar.municipio", "fields": {"latitud": "11.46923", "extension": "0.00", "departamento": 80, "nombre": "Buenos Aires", "slug": "Buenos-aires", "longitud": "-85.81701"}}, {"pk": 8050, "model": "lugar.municipio", "fields": {"latitud": "11.19521", "extension": "0.00", "departamento": 80, "nombre": "C\u00e1rdenas", "slug": "cardenas", "longitud": "-85.50886"}}, {"pk": 3624942, "model": "lugar.municipio", "fields": {"latitud": "10.20000", "extension": null, "departamento": 3621837, "nombre": "Alfaro Ruiz", "slug": "cr-alfaro-ruiz", "longitud": "-84.40000"}}, {"pk": 3624924, "model": "lugar.municipio", "fields": {"latitud": "9.93333", "extension": null, "departamento": 3621837, "nombre": "Alvarado", "slug": "cr-alvarado", "longitud": "-83.80000"}}, {"pk": 3624847, "model": "lugar.municipio", "fields": {"latitud": "9.86667", "extension": null, "departamento": 3621837, "nombre": "Aserr\u00ed", "slug": "cr-aserri", "longitud": "-84.10000"}}, {"pk": 3624841, "model": "lugar.municipio", "fields": {"latitud": "9.98333", "extension": null, "departamento": 3621837, "nombre": "Atenas", "slug": "cr-atenas", "longitud": "-84.38333"}}, {"pk": 3624821, "model": "lugar.municipio", "fields": {"latitud": "10.50000", "extension": null, "departamento": 3621837, "nombre": "Bagaces", "slug": "cr-bagaces", "longitud": "-85.25000"}}, {"pk": 3624732, "model": "lugar.municipio", "fields": {"latitud": "10.08333", "extension": null, "departamento": 3621837, "nombre": "Barva", "slug": "cr-barva", "longitud": "-84.10000"}}, {"pk": 3624717, "model": "lugar.municipio", "fields": {"latitud": "9.98333", "extension": null, "departamento": 3621837, "nombre": "Bel\u00e9n", "slug": "cr-belen", "longitud": "-84.16667"}}, {"pk": 3624586, "model": "lugar.municipio", "fields": {"latitud": "9.11667", "extension": null, "departamento": 3621837, "nombre": "Buenos Aires", "slug": "cr-buenos-aires", "longitud": "-83.25000"}}, {"pk": 3624467, "model": "lugar.municipio", "fields": {"latitud": "10.50000", "extension": null, "departamento": 3621837, "nombre": "Ca\u00f1as", "slug": "cr-canas", "longitud": "-85.11667"}}, {"pk": 3624381, "model": "lugar.municipio", "fields": {"latitud": "10.41667", "extension": null, "departamento": 3621837, "nombre": "Carrillo", "slug": "cr-carrillo", "longitud": "-85.58333"}}, {"pk": 3624369, "model": "lugar.municipio", "fields": {"latitud": "9.86667", "extension": null, "departamento": 3621837, "nombre": "Cartago", "slug": "cr-cartago", "longitud": "-83.91667"}}, {"pk": 3624064, "model": "lugar.municipio", "fields": {"latitud": "8.58333", "extension": null, "departamento": 3621837, "nombre": "Corredores", "slug": "cr-corredores", "longitud": "-82.91667"}}, {"pk": 3624051, "model": "lugar.municipio", "fields": {"latitud": "8.88333", "extension": null, "departamento": 3621837, "nombre": "Coto Brus", "slug": "cr-coto-brus", "longitud": "-82.96667"}}, {"pk": 3623976, "model": "lugar.municipio", "fields": {"latitud": "9.91667", "extension": null, "departamento": 3621837, "nombre": "Curridabat", "slug": "cr-curridabat", "longitud": "-84.03333"}}, {"pk": 3623933, "model": "lugar.municipio", "fields": {"latitud": "9.90000", "extension": null, "departamento": 3621837, "nombre": "Desamparados", "slug": "cr-desamparados", "longitud": "-84.06667"}}, {"pk": 3623892, "model": "lugar.municipio", "fields": {"latitud": "9.65000", "extension": null, "departamento": 3621837, "nombre": "Dota", "slug": "cr-dota", "longitud": "-83.95000"}}, {"pk": 3623834, "model": "lugar.municipio", "fields": {"latitud": "9.75000", "extension": null, "departamento": 3621837, "nombre": "El Guarco", "slug": "cr-el-guarco", "longitud": "-83.91667"}}, {"pk": 3623786, "model": "lugar.municipio", "fields": {"latitud": "9.93333", "extension": null, "departamento": 3621837, "nombre": "Escaz\u00fa", "slug": "cr-escazu", "longitud": "-84.13333"}}, {"pk": 3623780, "model": "lugar.municipio", "fields": {"latitud": "10.00000", "extension": null, "departamento": 3621837, "nombre": "Esparza", "slug": "cr-esparza", "longitud": "-84.66667"}}, {"pk": 3623725, "model": "lugar.municipio", "fields": {"latitud": "10.00000", "extension": null, "departamento": 3621837, "nombre": "Flores", "slug": "cr-flores", "longitud": "-84.15000"}}, {"pk": 3623659, "model": "lugar.municipio", "fields": {"latitud": "9.95000", "extension": null, "departamento": 3621837, "nombre": "Goicoechea", "slug": "cr-goicoechea", "longitud": "-84.06667"}}, {"pk": 3623655, "model": "lugar.municipio", "fields": {"latitud": "8.50000", "extension": null, "departamento": 3621837, "nombre": "Golfito", "slug": "cr-golfito", "longitud": "-83.33333"}}, {"pk": 3623619, "model": "lugar.municipio", "fields": {"latitud": "10.08333", "extension": null, "departamento": 3621837, "nombre": "Grecia", "slug": "cr-grecia", "longitud": "-84.33333"}}, {"pk": 3623600, "model": "lugar.municipio", "fields": {"latitud": "10.20000", "extension": null, "departamento": 3621837, "nombre": "Gu\u00e1cimo", "slug": "cr-guacimo", "longitud": "-83.66667"}}, {"pk": 3623553, "model": "lugar.municipio", "fields": {"latitud": "10.66667", "extension": null, "departamento": 3621837, "nombre": "Guatuso", "slug": "cr-guatuso", "longitud": "-84.83333"}}, {"pk": 3623485, "model": "lugar.municipio", "fields": {"latitud": "9.98333", "extension": null, "departamento": 3621837, "nombre": "Heredia", "slug": "cr-heredia", "longitud": "-84.11667"}}, {"pk": 3623453, "model": "lugar.municipio", "fields": {"latitud": "9.96667", "extension": null, "departamento": 3621837, "nombre": "Hojancha", "slug": "cr-hojancha", "longitud": "-85.41667"}}, {"pk": 3623341, "model": "lugar.municipio", "fields": {"latitud": "9.75000", "extension": null, "departamento": 3621837, "nombre": "Jim\u00e9nez", "slug": "cr-jimenez", "longitud": "-83.68333"}}, {"pk": 3623257, "model": "lugar.municipio", "fields": {"latitud": "11.00000", "extension": null, "departamento": 3621837, "nombre": "La Cruz", "slug": "cr-la-cruz", "longitud": "-85.58333"}}, {"pk": 3623105, "model": "lugar.municipio", "fields": {"latitud": "9.91667", "extension": null, "departamento": 3621837, "nombre": "La Uni\u00f3n", "slug": "cr-la-union", "longitud": "-83.98333"}}, {"pk": 3623082, "model": "lugar.municipio", "fields": {"latitud": "9.66667", "extension": null, "departamento": 3621837, "nombre": "Le\u00f3n Cort\u00e9s", "slug": "cr-leon-cortes", "longitud": "-84.03333"}}, {"pk": 3623075, "model": "lugar.municipio", "fields": {"latitud": "10.75000", "extension": null, "departamento": 3621837, "nombre": "Liberia", "slug": "cr-liberia", "longitud": "-85.50000"}}, {"pk": 3623065, "model": "lugar.municipio", "fields": {"latitud": "9.76667", "extension": null, "departamento": 3621837, "nombre": "Lim\u00f3n", "slug": "cr-limon", "longitud": "-83.16667"}}, {"pk": 3623007, "model": "lugar.municipio", "fields": {"latitud": "10.86667", "extension": null, "departamento": 3621837, "nombre": "Los Chiles", "slug": "cr-los-chiles", "longitud": "-84.66667"}}, {"pk": 3622893, "model": "lugar.municipio", "fields": {"latitud": "10.00000", "extension": null, "departamento": 3621837, "nombre": "Matina", "slug": "cr-matina", "longitud": "-83.25000"}}, {"pk": 3622814, "model": "lugar.municipio", "fields": {"latitud": "9.95000", "extension": null, "departamento": 3621837, "nombre": "Montes de Oca", "slug": "cr-montes-de-oca", "longitud": "-84.01667"}}, {"pk": 3622813, "model": "lugar.municipio", "fields": {"latitud": "10.10000", "extension": null, "departamento": 3621837, "nombre": "Montes de Oro", "slug": "cr-montes-de-oro", "longitud": "-84.75000"}}, {"pk": 3622808, "model": "lugar.municipio", "fields": {"latitud": "9.91667", "extension": null, "departamento": 3621837, "nombre": "Mora", "slug": "cr-mora", "longitud": "-84.25000"}}, {"pk": 3622800, "model": "lugar.municipio", "fields": {"latitud": "10.05000", "extension": null, "departamento": 3621837, "nombre": "Moravia", "slug": "cr-moravia", "longitud": "-84.00000"}}, {"pk": 3622764, "model": "lugar.municipio", "fields": {"latitud": "9.91667", "extension": null, "departamento": 3621837, "nombre": "Nandayure", "slug": "cr-nandayure", "longitud": "-85.28333"}}, {"pk": 3622749, "model": "lugar.municipio", "fields": {"latitud": "10.11667", "extension": null, "departamento": 3621837, "nombre": "Naranjo", "slug": "cr-naranjo", "longitud": "-84.40000"}}, {"pk": 3622715, "model": "lugar.municipio", "fields": {"latitud": "10.08333", "extension": null, "departamento": 3621837, "nombre": "Nicoya", "slug": "cr-nicoya", "longitud": "-85.50000"}}, {"pk": 3622669, "model": "lugar.municipio", "fields": {"latitud": "10.00000", "extension": null, "departamento": 3621837, "nombre": "Oreamuno", "slug": "cr-oreamuno", "longitud": "-83.83333"}}, {"pk": 3622659, "model": "lugar.municipio", "fields": {"latitud": "9.90000", "extension": null, "departamento": 3621837, "nombre": "Orotina", "slug": "cr-orotina", "longitud": "-84.56667"}}, {"pk": 3622657, "model": "lugar.municipio", "fields": {"latitud": "8.83333", "extension": null, "departamento": 3621837, "nombre": "Osa", "slug": "cr-osa", "longitud": "-83.50000"}}, {"pk": 3622608, "model": "lugar.municipio", "fields": {"latitud": "10.03333", "extension": null, "departamento": 3621837, "nombre": "Palmares", "slug": "cr-palmares", "longitud": "-84.43333"}}, {"pk": 3622543, "model": "lugar.municipio", "fields": {"latitud": "9.75000", "extension": null, "departamento": 3621837, "nombre": "Para\u00edso", "slug": "cr-paraiso", "longitud": "-83.80000"}}, {"pk": 3622535, "model": "lugar.municipio", "fields": {"latitud": "9.55000", "extension": null, "departamento": 3621837, "nombre": "Parrita", "slug": "cr-parrita", "longitud": "-84.33333"}}, {"pk": 3622439, "model": "lugar.municipio", "fields": {"latitud": "9.36667", "extension": null, "departamento": 3621837, "nombre": "P\u00e9rez Zeled\u00f3n", "slug": "cr-perez-zeledon", "longitud": "-83.66667"}}, {"pk": 3622341, "model": "lugar.municipio", "fields": {"latitud": "10.08333", "extension": null, "departamento": 3621837, "nombre": "Po\u00e1s", "slug": "cr-poas", "longitud": "-84.23333"}}, {"pk": 3622326, "model": "lugar.municipio", "fields": {"latitud": "10.50000", "extension": null, "departamento": 3621837, "nombre": "Pococ\u00ed", "slug": "cr-pococi", "longitud": "-83.63333"}}, {"pk": 3622227, "model": "lugar.municipio", "fields": {"latitud": "9.83333", "extension": null, "departamento": 3621837, "nombre": "Puntarenas", "slug": "cr-puntarenas", "longitud": "-84.83333"}}, {"pk": 3622220, "model": "lugar.municipio", "fields": {"latitud": "9.75000", "extension": null, "departamento": 3621837, "nombre": "Puriscal", "slug": "cr-puriscal", "longitud": "-84.41667"}}, {"pk": 3621940, "model": "lugar.municipio", "fields": {"latitud": "10.58333", "extension": null, "departamento": 3621837, "nombre": "San Carlos", "slug": "cr-san-carlos", "longitud": "-84.41667"}}, {"pk": 3621871, "model": "lugar.municipio", "fields": {"latitud": "10.03333", "extension": null, "departamento": 3621837, "nombre": "San Isidro", "slug": "cr-san-isidro", "longitud": "-84.03333"}}, {"pk": 3621840, "model": "lugar.municipio", "fields": {"latitud": "9.93333", "extension": null, "departamento": 3621837, "nombre": "San Jos\u00e9", "slug": "cr-san-jose", "longitud": "-84.08333"}}, {"pk": 3621757, "model": "lugar.municipio", "fields": {"latitud": "9.95000", "extension": null, "departamento": 3621837, "nombre": "San Mateo", "slug": "cr-san-mateo", "longitud": "-84.51667"}}, {"pk": 3621727, "model": "lugar.municipio", "fields": {"latitud": "10.00000", "extension": null, "departamento": 3621837, "nombre": "San Pablo", "slug": "cr-san-pablo", "longitud": "-84.08333"}}, {"pk": 3621668, "model": "lugar.municipio", "fields": {"latitud": "10.05000", "extension": null, "departamento": 3621837, "nombre": "San Rafael", "slug": "cr-san-rafael", "longitud": "-84.06667"}}, {"pk": 3621642, "model": "lugar.municipio", "fields": {"latitud": "10.16667", "extension": null, "departamento": 3621837, "nombre": "San Ram\u00f3n", "slug": "cr-san-ramon", "longitud": "-84.08333"}}, {"pk": 3621626, "model": "lugar.municipio", "fields": {"latitud": "9.93333", "extension": null, "departamento": 3621837, "nombre": "Santa Ana", "slug": "cr-santa-ana", "longitud": "-84.18333"}}, {"pk": 3621622, "model": "lugar.municipio", "fields": {"latitud": "10.08333", "extension": null, "departamento": 3621837, "nombre": "Santa B\u00e1rbara", "slug": "cr-santa-barbara", "longitud": "-84.15000"}}, {"pk": 3621604, "model": "lugar.municipio", "fields": {"latitud": "10.25000", "extension": null, "departamento": 3621837, "nombre": "Santa Cruz", "slug": "cr-santa-cruz", "longitud": "-85.66667"}}, {"pk": 3621497, "model": "lugar.municipio", "fields": {"latitud": "10.50000", "extension": null, "departamento": 3621837, "nombre": "Sarapiqu\u00ed", "slug": "cr-sarapiqui", "longitud": "-84.00000"}}, {"pk": 3621512, "model": "lugar.municipio", "fields": {"latitud": "9.98333", "extension": null, "departamento": 3621837, "nombre": "Santo Domingo", "slug": "cr-santo-domingo", "longitud": "-84.06667"}}, {"pk": 3621439, "model": "lugar.municipio", "fields": {"latitud": "10.11667", "extension": null, "departamento": 3621837, "nombre": "Siquirres", "slug": "cr-siquirres", "longitud": "-83.50000"}}, {"pk": 3621369, "model": "lugar.municipio", "fields": {"latitud": "9.50000", "extension": null, "departamento": 3621837, "nombre": "Talamanca", "slug": "cr-talamanca", "longitud": "-83.08333"}}, {"pk": 3621342, "model": "lugar.municipio", "fields": {"latitud": "9.66667", "extension": null, "departamento": 3621837, "nombre": "Tarraz\u00fa", "slug": "cr-tarrazu", "longitud": "-84.06667"}}, {"pk": 3621308, "model": "lugar.municipio", "fields": {"latitud": "9.96667", "extension": null, "departamento": 3621837, "nombre": "Tib\u00e1s", "slug": "cr-tibas", "longitud": "-84.08333"}}, {"pk": 3621277, "model": "lugar.municipio", "fields": {"latitud": "10.50000", "extension": null, "departamento": 3621837, "nombre": "Tilar\u00e1n", "slug": "cr-tilaran", "longitud": "-84.91667"}}, {"pk": 3621183, "model": "lugar.municipio", "fields": {"latitud": "9.80000", "extension": null, "departamento": 3621837, "nombre": "Turrialba", "slug": "cr-turrialba", "longitud": "-83.53333"}}, {"pk": 3621177, "model": "lugar.municipio", "fields": {"latitud": "9.75000", "extension": null, "departamento": 3621837, "nombre": "Turrubares", "slug": "cr-turrubares", "longitud": "-84.50000"}}, {"pk": 3621152, "model": "lugar.municipio", "fields": {"latitud": "10.85000", "extension": null, "departamento": 3621837, "nombre": "Upala", "slug": "cr-upala", "longitud": "-85.16667"}}, {"pk": 3621127, "model": "lugar.municipio", "fields": {"latitud": "10.16667", "extension": null, "departamento": 3621837, "nombre": "Valverde Vega", "slug": "cr-valverde-vega", "longitud": "-84.28333"}}, {"pk": 3621119, "model": "lugar.municipio", "fields": {"latitud": "10.05000", "extension": null, "departamento": 3621837, "nombre": "V\u00e1zquez de Coronado", "slug": "cr-vazquez-de-coronado", "longitud": "-84.00000"}}, {"pk": 3625024, "model": "lugar.municipio", "fields": {"latitud": "10.21667", "extension": null, "departamento": 3621837, "nombre": "Abangares", "slug": "cr-abangares", "longitud": "-85.00000"}}, {"pk": 3625011, "model": "lugar.municipio", "fields": {"latitud": "9.80000", "extension": null, "departamento": 3621837, "nombre": "Acosta", "slug": "cr-acosta", "longitud": "-84.20000"}}, {"pk": 3624970, "model": "lugar.municipio", "fields": {"latitud": "9.41667", "extension": null, "departamento": 3621837, "nombre": "Aguirre", "slug": "cr-aguirre", "longitud": "-84.16667"}}, {"pk": 3624954, "model": "lugar.municipio", "fields": {"latitud": "10.03333", "extension": null, "departamento": 3621837, "nombre": "Alajuela", "slug": "cr-alajuela", "longitud": "-84.18333"}}, {"pk": 3624950, "model": "lugar.municipio", "fields": {"latitud": "9.90000", "extension": null, "departamento": 3621837, "nombre": "Alajuelita", "slug": "cr-alajuelita", "longitud": "-84.10000"}}, {"pk": 2, "model": "lugar.comunidad", "fields": {"nombre": "San Antonio", "municipio": 5520}}, {"pk": 5, "model": "lugar.comunidad", "fields": {"nombre": "Josefa Lainez", "municipio": 5520}}, {"pk": 8, "model": "lugar.comunidad", "fields": {"nombre": "Laureles Sur", "municipio": 5525}}, {"pk": 9, "model": "lugar.comunidad", "fields": {"nombre": "Guanacastal", "municipio": 3065}}, {"pk": 10, "model": "lugar.comunidad", "fields": {"nombre": "Las Cruces", "municipio": 2030}}, {"pk": 11, "model": "lugar.comunidad", "fields": {"nombre": "El Coyolito", "municipio": 2515}}, {"pk": 12, "model": "lugar.comunidad", "fields": {"nombre": "Oscar G\u00e1mez 1", "municipio": 2515}}, {"pk": 13, "model": "lugar.comunidad", "fields": {"nombre": "Chorrera", "municipio": 3025}}, {"pk": 14, "model": "lugar.comunidad", "fields": {"nombre": "Yucul", "municipio": 4035}}, {"pk": 15, "model": "lugar.comunidad", "fields": {"nombre": "La Carpio", "municipio": 7015}}, {"pk": 16, "model": "lugar.comunidad", "fields": {"nombre": "Alajuelita", "municipio": 7015}}, {"pk": 17, "model": "lugar.comunidad", "fields": {"nombre": "los chiles", "municipio": 7015}}, {"pk": 18, "model": "lugar.comunidad", "fields": {"nombre": "Las Cruces", "municipio": 2030}}, {"pk": 19, "model": "lugar.comunidad", "fields": {"nombre": "Guanacastal", "municipio": 3045}}, {"pk": 20, "model": "lugar.comunidad", "fields": {"nombre": "Bo. Jorge Dimitrov", "municipio": 5525}}, {"pk": 21, "model": "lugar.comunidad", "fields": {"nombre": "Carlos Tercero Huete", "municipio": 3065}}, {"pk": 22, "model": "lugar.comunidad", "fields": {"nombre": "Villa El Carmen", "municipio": 5520}}, {"pk": 23, "model": "lugar.comunidad", "fields": {"nombre": "Oscar G\u00e1mez 2", "municipio": 2515}}, {"pk": 24, "model": "lugar.comunidad", "fields": {"nombre": "Yalaguina", "municipio": 2030}}, {"pk": 25, "model": "lugar.comunidad", "fields": {"nombre": "Siares", "municipio": 4035}}, {"pk": 26, "model": "lugar.comunidad", "fields": {"nombre": "La Pita", "municipio": 2515}}, {"pk": 27, "model": "lugar.comunidad", "fields": {"nombre": "los chiles", "municipio": 7015}}, {"pk": 28, "model": "lugar.comunidad", "fields": {"nombre": "Las Pavas", "municipio": 3025}}, {"pk": 29, "model": "lugar.comunidad", "fields": {"nombre": "Posoltega", "municipio": 3065}}, {"pk": 30, "model": "lugar.comunidad", "fields": {"nombre": "Cebollal", "municipio": 2515}}]